이름,주소,ATM,시간,거점,메모
세븐일레븐 관현빌딩점 (セブン-イレブン 博多駅前管絃ビル店),福岡県福岡市博多区博多駅前3-30-23,세븐은행,24시간,숙소 주변,
세븐일레븐 닌진도리점 (セブン-イレブン 博多人参通り店),福岡県福岡市博多区博多駅前3-17-5,세븐은행,24시간,숙소 주변,
세븐일레븐 하카타구청앞점 (セブン-イレブン 博多区役所前店),福岡県福岡市博多区博多駅前2-11-16,세븐은행,24시간,숙소 주변,
미니스톱 하카타역앞 3초메점 (ミニストップ 博多駅前3丁目店),福岡県福岡市博多区博多駅前3-15-10,이온은행,24시간,숙소 주변,アクタス博多Vタワー 1F
세븐일레븐 하카타역앞도리점 (セブン-イレブン 博多駅前通店),福岡県福岡市博多区博多駅前3-26-1,세븐은행,24시간,숙소 주변,2대
세븐일레븐 하카타역앞 2초메점 (セブン-イレブン 博多駅前2丁目店),福岡県福岡市博多区博多駅前2-17-8,세븐은행,24시간,숙소 주변,
맥스밸류 하카타기온점 (マックスバリュ 博多祇園店),福岡県福岡市博多区祇園町7-20,이온은행,24시간,숙소 주변,
세븐일레븐 아사히빌딩점 (セブン-イレブン 博多駅前朝日ビル店),福岡県福岡市博多区博多駅前2-1-1,세븐은행,24시간,숙소 주변,2대
하카타 우체국 (博多郵便局),福岡県福岡市博多区博多駅中央街8-1,유초은행,평일·토 7–23 / 일·공휴일 7–21,숙소 주변,JRJP博多ビル 1F
캐널시티 세븐은행 ATM (セブン銀行ATM キャナルシティ博多),福岡県福岡市博多区住吉1-2,세븐은행,7:00–24:00,캐널시티,지하 1층 クリスタルキャニオン ATMコーナー
하트인 JR하카타역 치쿠시구치점 (ハートイン JR博多駅筑紫口店),福岡県福岡市博多区博多駅中央街1-1,세븐은행,24시간,하카타역,역 안 · 3대
이온은행 ATM 치쿠시구치 (イオン銀行ATM JR博多駅筑紫口出張所),福岡県福岡市博多区博多駅中央街1-1,이온은행,24시간,하카타역,筑紫口 로터리 앞
하카타 버스터미널 세븐은행 ATM (セブン銀行ATM 博多バスターミナル),福岡県福岡市博多区博多駅中央街2-1,세븐은행,5:30–24:00,하카타역,지하 1층(6:30–23:00) · 2층(5:30–24:00)
유초은행 JR하카타역 출장소 (ゆうちょ銀行 JR博多駅内出張所),福岡県福岡市博多区博多駅中央街1-1,유초은행,평일·토 7–23 / 일·공휴일 7–21,하카타역,阪急百貨店口 개찰구 옆
지하철 하카타역 세븐은행 ATM (セブン銀行ATM 福岡市地下鉄博多駅),福岡県福岡市博多区博多駅中央街1-1,세븐은행,5:15–25:00,하카타역,筑紫口 개찰구 밖 콘코스
하카타 리버레인 세븐은행 ATM (セブン銀行ATM 博多リバレイン),福岡県福岡市博多区下川端町3-1,세븐은행,5:15–24:15,리버레인(호빵맨),지하 2층 코인로커 옆
하카타 리버레인 우체국 (博多リバレイン内郵便局),福岡県福岡市博多区下川端町2-1,유초은행,매일 9:00–19:00,리버레인(호빵맨),
라라포트 후쿠오카 세븐은행 ATM (セブン銀行ATM ららぽーと福岡),福岡県福岡市博多区那珂6-23-1,세븐은행,10:00–21:00,라라포트,1층 공용부
패밀리마트 사이토자키역앞점 (ファミリーマート 西戸崎駅前店 (ゆうちょATM)),福岡県福岡市東区西戸崎1-9-3,유초은행,0:05–23:55,마린월드 쪽,마린월드에서 직선 약 1.4km
공항 국제선 세븐은행 ATM (セブン銀行ATM 福岡空港国際線),福岡県福岡市博多区大字下臼井767-1,세븐은행,5:00–21:30,공항 국제선,1층 ATMコーナー 2대
